Dr. Matt Paige is the best. His adjustments & neuro-emotional therapy has done wonders for me!,I had been using my expired ID while traveling for the holidays and had no problem getting through LAX or another small airport in South Dakota. When I presented my ID and social security card and credit card to the tsa during my CONNECTING flight they had a whole security show down. My bags were searched and I was fully patted down. I respect the safety the tsa provides but I definitely felt as though they misused their authority. I felt very uncomfortable and it made their tsa seem inconsistent. Not impressed.,"The Marcus landslide trail is amazing. It contains some of the most unusual rock formations in Arizona and you can hike up a prehistoric landslide for an incredible view of the valley. The hike starts off pretty flat, but you get a workout if you chose the extra mile loop up the landslide. Scottsdale does a great job with their signage and the trail is mostly wide with some area sneaking under rocks. The vies are crazy good and this is one of the more scenic hikes in the area.",They have pricing for super rich people.  You can go there and see lots of cool guns that are selling for significantly more than they would outside of Scottsdale.,I almost always fly Southwest. Easiest way to fly with cheap prices and free carry ons.
Bequeme Umgebung + guter Preis: idealer Treffpunkt f\u00fcr Studenten. Meine Lieblingsspeise bei Kippe ist SchniPo ^^,So pretty.,"It's Elton John.  What more is there to say?  The songs are legendary and when you're as in love with the music as I am it's just such an emotional show.  How can one person house so much pure talent?  It's magical.  I loved every minute, every song.  Whenever I'm lucky enough to see Elton John it's truly a memorable experience.",Der Laden ist im Prinzip ganz ok.,love meghan! talented young lady and very professional!
Example,"While performing an \""acid wash\"" he applied too much acid during the night and ruined the surface then got an argument that he didn't do anything wrong!",They do not know the meaning of emergency...,"So Gerow, the light there not even working",Der Laden ist im Prinzip ganz ok.
I tried to watch Dragonball Z Battle of the Gods but they couldn't figure out how to turn on the sound. After 15 minutes the audience started calling for the termination of the projectionist. The slew of language made me feel sorry for the children in the audience.,A part here cost me $24. Found same part at Home Depot for $8. Won't be back!,Best to take away\nFew lucky ones with a seat\nEvery plugin... Used,"So Gerow, the light there not even working",Der Laden ist im Prinzip ganz ok.
They do not know the meaning of emergency...,I called to get a quote to have my television mounted. I was quoted $139.00 witch does NOT include the bracket. I then called another business and got a quote of $135.00 which included a mount that moves up and down. We know who I'm using!!,Bequeme Umgebung + guter Preis: idealer Treffpunkt f\u00fcr Studenten. Meine Lieblingsspeise bei Kippe ist SchniPo ^^,gmo..... up the wazoooo eat this and die..!!! not a good thing 4 you or your children..... Or U 4 that Matter ...:////,Der Laden ist im Prinzip ganz ok.
"Cette petite cantine vietnamienne toujours occup\u00e9e m'a longtemps intrigu\u00e9e.... A tort ! Je passerai d\u00e9sormais mon chemin. C'est du rechauff\u00e9, trop \u00e9pic\u00e9. Dommage.",Efficace et pas cher.,Study and Research\nGlobal oppertunities\nNot to big nor small,"It's Elton John.  What more is there to say?  The songs are legendary and when you're as in love with the music as I am it's just such an emotional show.  How can one person house so much pure talent?  It's magical.  I loved every minute, every song.  Whenever I'm lucky enough to see Elton John it's truly a memorable experience.",Der Laden ist im Prinzip ganz ok.
DT is SLOW!,Pizookie!,Der Laden ist im Prinzip ganz ok.,Bequeme Umgebung + guter Preis: idealer Treffpunkt f\u00fcr Studenten. Meine Lieblingsspeise bei Kippe ist SchniPo ^^,gmo..... up the wazoooo eat this and die..!!! not a good thing 4 you or your children..... Or U 4 that Matter ...:////
love meghan! talented young lady and very professional!,Study and Research\nGlobal oppertunities\nNot to big nor small,I always find some great deals on cute clothes form my daughter.,Der Laden ist im Prinzip ganz ok.,Highly recommend getting your tint done with them. Have used them on many different cars and the quality is great!
Efficace et pas cher.,Der Laden ist im Prinzip ganz ok.,"It's Elton John.  What more is there to say?  The songs are legendary and when you're as in love with the music as I am it's just such an emotional show.  How can one person house so much pure talent?  It's magical.  I loved every minute, every song.  Whenever I'm lucky enough to see Elton John it's truly a memorable experience.",What could be better\nthan a bottle of wine with\nfriends on the terrasse?,Study and Research\nGlobal oppertunities\nNot to big nor small
gmo..... up the wazoooo eat this and die..!!! not a good thing 4 you or your children..... Or U 4 that Matter ...:////,"Late night is the best! Unless you like crowds?!?!? Buy the shirt and cup if your a movie goer,,,",Bequeme Umgebung + guter Preis: idealer Treffpunkt f\u00fcr Studenten. Meine Lieblingsspeise bei Kippe ist SchniPo ^^,Der Laden ist im Prinzip ganz ok.,Je suis un fan de starbust on m \u00e0 forcer \u00e0 essayer le chocolat de second cup .... Et je doit dire bravo!!!!! Je le pr\u00e9f\u00e8re . niveau tarif c est pareil vous m avez convaincu  !!
"Sehr freundlicher Service und leckeres, frisches Essen von einer w\u00f6chentlich wechselnden Karte. Waren sicher nicht zum letzten Mal da.",absolument divin.,Bequeme Umgebung + guter Preis: idealer Treffpunkt f\u00fcr Studenten. Meine Lieblingsspeise bei Kippe ist SchniPo ^^,gmo..... up the wazoooo eat this and die..!!! not a good thing 4 you or your children..... Or U 4 that Matter ...:////,Der Laden ist im Prinzip ganz ok.
A part here cost me $24. Found same part at Home Depot for $8. Won't be back!,Example,I called to get a quote to have my television mounted. I was quoted $139.00 witch does NOT include the bracket. I then called another business and got a quote of $135.00 which included a mount that moves up and down. We know who I'm using!!,love meghan! talented young lady and very professional!,Der Laden ist im Prinzip ganz ok.
DT is SLOW!,Bequeme Umgebung + guter Preis: idealer Treffpunkt f\u00fcr Studenten. Meine Lieblingsspeise bei Kippe ist SchniPo ^^,They do not know the meaning of emergency...,Example,Der Laden ist im Prinzip ganz ok.
"Habe einen gutschein f\u00fcr den rinderfilet Kochkurs von meiner frau zum Geburtstag bekommen, war mein erster aber nicht letzter Kochkurs.  Die Atmosph\u00e4re ist locker aber f\u00e4hrt durchweg eine gerade Linie.  Hohes Fachwissen in kurzer Zeit.  Manch ein P\u00e4dagoge k\u00f6nnte sich eine scheibe von Bj\u00f6rn abschneiden einfach nur super geil...",Example,gmo..... up the wazoooo eat this and die..!!! not a good thing 4 you or your children..... Or U 4 that Matter ...:////,Der Laden ist im Prinzip ganz ok.,Bequeme Umgebung + guter Preis: idealer Treffpunkt f\u00fcr Studenten. Meine Lieblingsspeise bei Kippe ist SchniPo ^^
"Cette petite cantine vietnamienne toujours occup\u00e9e m'a longtemps intrigu\u00e9e.... A tort ! Je passerai d\u00e9sormais mon chemin. C'est du rechauff\u00e9, trop \u00e9pic\u00e9. Dommage.",Two words: food poisoning.,Bequeme Umgebung + guter Preis: idealer Treffpunkt f\u00fcr Studenten. Meine Lieblingsspeise bei Kippe ist SchniPo ^^,gmo..... up the wazoooo eat this and die..!!! not a good thing 4 you or your children..... Or U 4 that Matter ...:////,Der Laden ist im Prinzip ganz ok.
Der Laden ist im Prinzip ganz ok.,Bequeme Umgebung + guter Preis: idealer Treffpunkt f\u00fcr Studenten. Meine Lieblingsspeise bei Kippe ist SchniPo ^^,Highly recommend getting your tint done with them. Have used them on many different cars and the quality is great!,"Dont waste your time and money with this company. I had Heliocol install solar panels for our pool, including a brand new pool pump. The system was installed four months ago and never worked. We have been calling for service since then, and every time someone comes to fix it , the problem stays the same. We are going to take legal action. They got the money and we got promises...",love meghan! talented young lady and very professional!
Je suis un fan de starbust on m \u00e0 forcer \u00e0 essayer le chocolat de second cup .... Et je doit dire bravo!!!!! Je le pr\u00e9f\u00e8re . niveau tarif c est pareil vous m avez convaincu  !!,gmo..... up the wazoooo eat this and die..!!! not a good thing 4 you or your children..... Or U 4 that Matter ...:////,"Cette petite cantine vietnamienne toujours occup\u00e9e m'a longtemps intrigu\u00e9e.... A tort ! Je passerai d\u00e9sormais mon chemin. C'est du rechauff\u00e9, trop \u00e9pic\u00e9. Dommage.","H\u00fcbsch h\u00e4sslich!!!\n\n\u00dcber Geschmack l\u00e4sst sich nicht streiten, aber ein Haufen Ton f\u00fcr 500 \u20ac ist wirklich fett.",Der Laden ist im Prinzip ganz ok.
"Mal unabh\u00e4ngig davon, ob man f\u00fcr oder gegen die Kombil\u00f6sung ist, halte ich den Bau an dieser Stelle f\u00fcr unn\u00f6tig. \n\nSinnvoll ist auf jeden Fall die B\u00fcrger st\u00e4rker einzubinden und zu informieren, an diesem Standort l\u00e4uft aber halt keiner vorbei. Die die sich daf\u00fcr interessiert hatten, sind mittlerweile mal durchgelaufen. \n\nMeiner Ansicht nach h\u00e4tte man etwas dauerhaft (u.U. etwas kleiner) auf dem Marktplatz bauen sollen. Dann w\u00e4re man mit dem B\u00fcrger ins Gespr\u00e4ch gekommen und der Pavillion w\u00e4re entsprechend frequentiert.\n\nF\u00fcr mich macht das ganze den Anschein, dass mal \""halt was anbieten muss\"". H\u00e4tte man es wirklich ernst gemeint und w\u00e4re am direkten Austausch interessiert, w\u00e4re ein zentraler Standort sicher besser gewesen. \n\nFazit: An diesem Ort rausgeschmissenes Geld.","H\u00fcbsch h\u00e4sslich!!!\n\n\u00dcber Geschmack l\u00e4sst sich nicht streiten, aber ein Haufen Ton f\u00fcr 500 \u20ac ist wirklich fett.",love meghan! talented young lady and very professional!,Der Laden ist im Prinzip ganz ok.,Bequeme Umgebung + guter Preis: idealer Treffpunkt f\u00fcr Studenten. Meine Lieblingsspeise bei Kippe ist SchniPo ^^
A part here cost me $24. Found same part at Home Depot for $8. Won't be back!,Bequeme Umgebung + guter Preis: idealer Treffpunkt f\u00fcr Studenten. Meine Lieblingsspeise bei Kippe ist SchniPo ^^,"So Gerow, the light there not even working",Go to other Radio Shack! This Radio Shack its ok but other ones are better.,love meghan! talented young lady and very professional!
Highly recommend getting your tint done with them. Have used them on many different cars and the quality is great!,Efficace et pas cher.,Der Laden ist im Prinzip ganz ok.,Study and Research\nGlobal oppertunities\nNot to big nor small,Bequeme Umgebung + guter Preis: idealer Treffpunkt f\u00fcr Studenten. Meine Lieblingsspeise bei Kippe ist SchniPo ^^
